date,temp_max,temp_min,precipitation,crop,price_vnd,source,is_synthetic
2024-04-27,29.0,16.5,0.8,Chè Ô Long,260000.0,AI_Synthetic,True
2024-04-28,28.1,16.9,0.4,Chè Ô Long,249000.0,AI_Synthetic,True
2024-04-29,28.9,15.2,0.4,Chè Ô Long,240000.0,AI_Synthetic,True
2024-04-30,29.0,16.2,0.7,Chè Ô Long,242000.0,AI_Synthetic,True
2024-05-01,28.3,17.5,2.2,Chè Ô Long,248000.0,AI_Synthetic,True
2024-05-02,27.8,17.0,4.3,Chè Ô Long,247000.0,AI_Synthetic,True
2024-05-03,28.2,16.0,0.5,Chè Ô Long,243000.0,AI_Synthetic,True
2024-05-04,26.8,15.7,13.6,Chè Ô Long,245000.0,AI_Synthetic,True
2024-05-05,24.7,16.2,14.2,Chè Ô Long,240000.0,AI_Synthetic,True
2024-05-06,24.9,15.4,0.0,Chè Ô Long,255000.0,AI_Synthetic,True
2024-05-07,23.6,15.6,2.6,Chè Ô Long,261000.0,AI_Synthetic,True
2024-05-08,25.4,14.8,1.5,Chè Ô Long,265000.0,AI_Synthetic,True
2024-05-09,24.5,16.7,6.7,Chè Ô Long,244000.0,AI_Synthetic,True
2024-05-10,25.5,15.8,0.3,Chè Ô Long,264000.0,AI_Synthetic,True
2024-05-11,24.4,16.3,3.2,Chè Ô Long,251000.0,AI_Synthetic,True
2024-05-12,24.9,15.7,2.8,Chè Ô Long,245000.0,AI_Synthetic,True
2024-05-13,25.8,15.7,3.4,Chè Ô Long,251000.0,AI_Synthetic,True
2024-05-14,24.7,16.1,19.3,Chè Ô Long,248000.0,AI_Synthetic,True
2024-05-15,23.6,15.9,4.6,Chè Ô Long,255000.0,AI_Synthetic,True
2024-05-16,23.0,16.2,4.2,Chè Ô Long,251000.0,AI_Synthetic,True
2024-05-17,24.6,16.1,2.7,Chè Ô Long,245000.0,AI_Synthetic,True
2024-05-18,24.6,16.4,7.7,Chè Ô Long,252000.0,AI_Synthetic,True
2024-05-19,25.1,16.2,6.5,Chè Ô Long,257000.0,AI_Synthetic,True
2024-05-20,23.8,15.8,1.4,Chè Ô Long,250000.0,AI_Synthetic,True
2024-05-21,24.4,17.0,11.2,Chè Ô Long,254000.0,AI_Synthetic,True
2024-05-22,23.7,15.8,5.7,Chè Ô Long,256000.0,AI_Synthetic,True
2024-05-23,23.3,16.5,3.4,Chè Ô Long,259000.0,AI_Synthetic,True
2024-05-24,24.3,15.2,2.2,Chè Ô Long,241000.0,AI_Synthetic,True
2024-05-25,24.8,15.9,0.4,Chè Ô Long,242000.0,AI_Synthetic,True
2024-05-26,24.6,16.2,3.9,Chè Ô Long,256000.0,AI_Synthetic,True
2024-05-27,25.5,17.1,1.6,Chè Ô Long,262000.0,AI_Synthetic,True
2024-05-28,25.4,17.9,3.9,Chè Ô Long,244000.0,AI_Synthetic,True
2024-05-29,24.8,17.7,4.5,Chè Ô Long,251000.0,AI_Synthetic,True
2024-05-30,23.7,17.8,1.5,Chè Ô Long,244000.0,AI_Synthetic,True
2024-05-31,23.5,17.3,2.2,Chè Ô Long,253000.0,AI_Synthetic,True
2024-06-01,24.1,17.2,4.0,Chè Ô Long,240000.0,AI_Synthetic,True
2024-06-02,25.2,17.0,7.3,Chè Ô Long,242000.0,AI_Synthetic,True
2024-06-03,25.3,16.7,10.7,Chè Ô Long,241000.0,AI_Synthetic,True
2024-06-04,26.1,16.0,9.8,Chè Ô Long,265000.0,AI_Synthetic,True
2024-06-05,24.5,17.1,4.5,Chè Ô Long,265000.0,AI_Synthetic,True
2024-06-06,24.5,16.2,5.3,Chè Ô Long,254000.0,AI_Synthetic,True
2024-06-07,24.0,16.0,13.3,Chè Ô Long,250000.0,AI_Synthetic,True
2024-06-08,24.9,16.8,14.9,Chè Ô Long,249000.0,AI_Synthetic,True
2024-06-09,23.3,16.6,3.8,Chè Ô Long,254000.0,AI_Synthetic,True
2024-06-10,21.9,16.0,3.3,Chè Ô Long,261000.0,AI_Synthetic,True
2024-06-11,24.2,15.6,0.1,Chè Ô Long,260000.0,AI_Synthetic,True
2024-06-12,25.3,16.7,1.8,Chè Ô Long,249000.0,AI_Synthetic,True
2024-06-13,25.6,16.4,5.5,Chè Ô Long,248000.0,AI_Synthetic,True
2024-06-14,25.2,16.5,6.7,Chè Ô Long,252000.0,AI_Synthetic,True
2024-06-15,24.2,15.8,3.0,Chè Ô Long,256000.0,AI_Synthetic,True
2024-06-16,24.5,15.5,6.5,Chè Ô Long,251000.0,AI_Synthetic,True
2024-06-17,24.2,16.1,2.6,Chè Ô Long,245000.0,AI_Synthetic,True
2024-06-18,25.1,16.3,3.5,Chè Ô Long,242000.0,AI_Synthetic,True
2024-06-19,25.0,17.4,5.9,Chè Ô Long,250000.0,AI_Synthetic,True
2024-06-20,22.0,17.1,6.3,Chè Ô Long,246000.0,AI_Synthetic,True
2024-06-21,21.2,17.4,15.0,Chè Ô Long,263000.0,AI_Synthetic,True
2024-06-22,22.1,16.5,8.2,Chè Ô Long,255000.0,AI_Synthetic,True
2024-06-23,20.7,16.9,5.0,Chè Ô Long,258000.0,AI_Synthetic,True
2024-06-24,22.2,16.7,1.2,Chè Ô Long,258000.0,AI_Synthetic,True
2024-06-25,22.5,16.5,12.6,Chè Ô Long,248000.0,AI_Synthetic,True
2024-06-26,21.7,16.3,3.2,Chè Ô Long,241000.0,AI_Synthetic,True
2024-06-27,22.0,15.7,0.9,Chè Ô Long,255000.0,AI_Synthetic,True
2024-06-28,22.1,15.7,3.1,Chè Ô Long,245000.0,AI_Synthetic,True
2024-06-29,23.1,15.6,1.0,Chè Ô Long,243000.0,AI_Synthetic,True
2024-06-30,23.2,15.5,3.9,Chè Ô Long,252000.0,AI_Synthetic,True
2024-07-01,24.7,15.8,10.0,Chè Ô Long,252000.0,AI_Synthetic,True
2024-07-02,24.0,15.7,21.8,Chè Ô Long,229000.0,AI_Synthetic,True
2024-07-03,22.2,15.7,13.6,Chè Ô Long,245000.0,AI_Synthetic,True
2024-07-04,22.7,16.5,16.6,Chè Ô Long,263000.0,AI_Synthetic,True
2024-07-05,22.9,16.1,3.6,Chè Ô Long,256000.0,AI_Synthetic,True
2024-07-06,23.3,15.8,10.5,Chè Ô Long,250000.0,AI_Synthetic,True
2024-07-07,22.7,15.0,4.1,Chè Ô Long,247000.0,AI_Synthetic,True
2024-07-08,22.0,15.7,2.4,Chè Ô Long,246000.0,AI_Synthetic,True
2024-07-09,22.8,15.8,6.6,Chè Ô Long,245000.0,AI_Synthetic,True
2024-07-10,23.4,16.1,3.1,Chè Ô Long,246000.0,AI_Synthetic,True
2024-07-11,23.2,16.5,3.0,Chè Ô Long,258000.0,AI_Synthetic,True
2024-07-12,23.0,16.9,1.7,Chè Ô Long,261000.0,AI_Synthetic,True
2024-07-13,22.1,17.5,1.6,Chè Ô Long,246000.0,AI_Synthetic,True
2024-07-14,22.1,17.4,4.6,Chè Ô Long,252000.0,AI_Synthetic,True
2024-07-15,22.8,17.3,5.4,Chè Ô Long,246000.0,AI_Synthetic,True
2024-07-16,22.6,15.9,3.3,Chè Ô Long,247000.0,AI_Synthetic,True
2024-07-17,20.5,17.2,8.5,Chè Ô Long,244000.0,AI_Synthetic,True
2024-07-18,21.9,16.9,6.7,Chè Ô Long,259000.0,AI_Synthetic,True
2024-07-19,21.5,17.1,6.1,Chè Ô Long,243000.0,AI_Synthetic,True
2024-07-20,19.9,17.7,16.2,Chè Ô Long,258000.0,AI_Synthetic,True
2024-07-21,23.0,17.8,2.9,Chè Ô Long,241000.0,AI_Synthetic,True
2024-07-22,22.8,18.0,4.4,Chè Ô Long,255000.0,AI_Synthetic,True
2024-07-23,22.5,17.6,2.7,Chè Ô Long,242000.0,AI_Synthetic,True
2024-07-24,22.0,17.4,2.7,Chè Ô Long,261000.0,AI_Synthetic,True
2024-07-25,22.0,16.9,4.9,Chè Ô Long,265000.0,AI_Synthetic,True
2024-07-26,19.9,17.0,16.9,Chè Ô Long,253000.0,AI_Synthetic,True
2024-07-27,23.1,17.9,1.6,Chè Ô Long,255000.0,AI_Synthetic,True
2024-07-28,21.2,17.3,1.7,Chè Ô Long,260000.0,AI_Synthetic,True
2024-07-29,22.5,16.7,0.7,Chè Ô Long,248000.0,AI_Synthetic,True
2024-07-30,22.6,16.1,3.0,Chè Ô Long,254000.0,AI_Synthetic,True
2024-07-31,23.6,16.3,1.4,Chè Ô Long,247000.0,AI_Synthetic,True
2024-08-01,24.4,16.4,4.4,Chè Ô Long,258000.0,AI_Synthetic,True
2024-08-02,24.5,15.8,10.2,Chè Ô Long,244000.0,AI_Synthetic,True
2024-08-03,24.1,15.3,2.9,Chè Ô Long,252000.0,AI_Synthetic,True
2024-08-04,23.6,15.1,3.0,Chè Ô Long,255000.0,AI_Synthetic,True
2024-08-05,22.8,15.2,25.4,Chè Ô Long,239000.0,AI_Synthetic,True
2024-08-06,23.7,14.8,19.0,Chè Ô Long,254000.0,AI_Synthetic,True
2024-08-07,22.9,15.8,4.9,Chè Ô Long,251000.0,AI_Synthetic,True
2024-08-08,24.7,16.2,2.4,Chè Ô Long,251000.0,AI_Synthetic,True
2024-08-09,24.8,16.1,0.7,Chè Ô Long,263000.0,AI_Synthetic,True
2024-08-10,24.0,17.6,3.4,Chè Ô Long,255000.0,AI_Synthetic,True
2024-08-11,24.7,17.1,4.5,Chè Ô Long,263000.0,AI_Synthetic,True
2024-08-12,23.3,16.9,3.2,Chè Ô Long,241000.0,AI_Synthetic,True
2024-08-13,24.6,16.7,3.2,Chè Ô Long,253000.0,AI_Synthetic,True
2024-08-14,24.3,17.0,2.0,Chè Ô Long,250000.0,AI_Synthetic,True
2024-08-15,23.7,16.3,2.8,Chè Ô Long,264000.0,AI_Synthetic,True
2024-08-16,23.7,15.8,1.9,Chè Ô Long,241000.0,AI_Synthetic,True
2024-08-17,23.0,15.1,4.6,Chè Ô Long,254000.0,AI_Synthetic,True
2024-08-18,23.6,15.2,1.8,Chè Ô Long,261000.0,AI_Synthetic,True
2024-08-19,24.3,15.4,0.9,Chè Ô Long,254000.0,AI_Synthetic,True
2024-08-20,22.9,15.1,1.9,Chè Ô Long,259000.0,AI_Synthetic,True
2024-08-21,23.7,15.5,8.1,Chè Ô Long,252000.0,AI_Synthetic,True
2024-08-22,23.5,15.2,0.6,Chè Ô Long,256000.0,AI_Synthetic,True
2024-08-23,23.5,15.2,1.4,Chè Ô Long,247000.0,AI_Synthetic,True
2024-08-24,22.8,15.6,3.2,Chè Ô Long,241000.0,AI_Synthetic,True
2024-08-25,23.7,15.3,3.6,Chè Ô Long,249000.0,AI_Synthetic,True
2024-08-26,23.0,15.4,23.0,Chè Ô Long,239000.0,AI_Synthetic,True
2024-08-27,22.7,16.0,20.7,Chè Ô Long,248000.0,AI_Synthetic,True
2024-08-28,22.4,16.2,14.5,Chè Ô Long,240000.0,AI_Synthetic,True
2024-08-29,22.9,16.8,7.2,Chè Ô Long,257000.0,AI_Synthetic,True
2024-08-30,23.9,17.0,8.8,Chè Ô Long,248000.0,AI_Synthetic,True
2024-08-31,22.4,16.4,9.6,Chè Ô Long,257000.0,AI_Synthetic,True
2024-09-01,22.6,16.2,22.4,Chè Ô Long,236000.0,AI_Synthetic,True
2024-09-02,22.5,15.8,3.5,Chè Ô Long,251000.0,AI_Synthetic,True
2024-09-03,21.6,16.3,3.9,Chè Ô Long,262000.0,AI_Synthetic,True
2024-09-04,22.2,17.3,8.8,Chè Ô Long,251000.0,AI_Synthetic,True
2024-09-05,23.2,17.6,5.3,Chè Ô Long,260000.0,AI_Synthetic,True
2024-09-06,23.0,17.7,2.1,Chè Ô Long,244000.0,AI_Synthetic,True
2024-09-07,23.0,17.3,2.3,Chè Ô Long,258000.0,AI_Synthetic,True
2024-09-08,24.8,17.6,6.8,Chè Ô Long,243000.0,AI_Synthetic,True
2024-09-09,24.0,17.1,14.5,Chè Ô Long,262000.0,AI_Synthetic,True
2024-09-10,23.5,16.0,8.6,Chè Ô Long,259000.0,AI_Synthetic,True
2024-09-11,24.1,16.0,16.1,Chè Ô Long,258000.0,AI_Synthetic,True
2024-09-12,24.2,16.1,22.3,Chè Ô Long,235000.0,AI_Synthetic,True
2024-09-13,23.7,15.8,4.2,Chè Ô Long,252000.0,AI_Synthetic,True
2024-09-14,22.5,17.1,2.3,Chè Ô Long,261000.0,AI_Synthetic,True
2024-09-15,22.9,17.2,20.2,Chè Ô Long,236000.0,AI_Synthetic,True
2024-09-16,22.7,16.9,14.6,Chè Ô Long,256000.0,AI_Synthetic,True
2024-09-17,21.5,17.2,19.4,Chè Ô Long,251000.0,AI_Synthetic,True
2024-09-18,21.2,16.9,5.9,Chè Ô Long,264000.0,AI_Synthetic,True
2024-09-19,22.0,17.2,2.0,Chè Ô Long,242000.0,AI_Synthetic,True
2024-09-20,21.3,17.6,19.0,Chè Ô Long,251000.0,AI_Synthetic,True
2024-09-21,21.8,17.2,25.0,Chè Ô Long,245000.0,AI_Synthetic,True
2024-09-22,19.5,16.9,6.6,Chè Ô Long,253000.0,AI_Synthetic,True
2024-09-23,21.7,16.2,0.6,Chè Ô Long,261000.0,AI_Synthetic,True
2024-09-24,23.8,15.6,4.9,Chè Ô Long,253000.0,AI_Synthetic,True
2024-09-25,22.4,14.7,2.8,Chè Ô Long,247000.0,AI_Synthetic,True
2024-09-26,22.5,14.8,23.4,Chè Ô Long,249000.0,AI_Synthetic,True
2024-09-27,21.8,15.3,3.6,Chè Ô Long,263000.0,AI_Synthetic,True
2024-09-28,24.4,14.3,5.1,Chè Ô Long,244000.0,AI_Synthetic,True
2024-09-29,23.1,15.5,18.0,Chè Ô Long,248000.0,AI_Synthetic,True
2024-09-30,23.6,15.5,10.2,Chè Ô Long,260000.0,AI_Synthetic,True
2024-10-01,23.6,15.1,5.0,Chè Ô Long,241000.0,AI_Synthetic,True
2024-10-02,22.8,15.6,16.0,Chè Ô Long,240000.0,AI_Synthetic,True
2024-10-03,23.2,14.9,9.7,Chè Ô Long,258000.0,AI_Synthetic,True
2024-10-04,22.8,16.4,2.2,Chè Ô Long,243000.0,AI_Synthetic,True
2024-10-05,22.5,15.2,11.1,Chè Ô Long,245000.0,AI_Synthetic,True
2024-10-06,22.3,16.0,13.4,Chè Ô Long,249000.0,AI_Synthetic,True
2024-10-07,22.6,14.7,21.2,Chè Ô Long,241000.0,AI_Synthetic,True
2024-10-08,22.3,14.3,15.4,Chè Ô Long,246000.0,AI_Synthetic,True
2024-10-09,22.2,15.6,1.9,Chè Ô Long,262000.0,AI_Synthetic,True
2024-10-10,22.6,14.5,0.7,Chè Ô Long,256000.0,AI_Synthetic,True
2024-10-11,22.3,15.4,12.4,Chè Ô Long,255000.0,AI_Synthetic,True
2024-10-12,20.8,16.2,8.3,Chè Ô Long,243000.0,AI_Synthetic,True
2024-10-13,24.1,16.9,2.4,Chè Ô Long,260000.0,AI_Synthetic,True
2024-10-14,24.1,15.2,7.9,Chè Ô Long,260000.0,AI_Synthetic,True
2024-10-15,23.3,15.6,17.7,Chè Ô Long,263000.0,AI_Synthetic,True
2024-10-16,22.2,15.8,10.0,Chè Ô Long,255000.0,AI_Synthetic,True
2024-10-17,21.0,15.6,13.2,Chè Ô Long,256000.0,AI_Synthetic,True
2024-10-18,21.2,15.0,2.3,Chè Ô Long,249000.0,AI_Synthetic,True
2024-10-19,21.1,14.5,4.1,Chè Ô Long,254000.0,AI_Synthetic,True
2024-10-20,22.3,14.6,7.7,Chè Ô Long,261000.0,AI_Synthetic,True
2024-10-21,23.0,16.0,6.8,Chè Ô Long,250000.0,AI_Synthetic,True
2024-10-22,20.4,15.6,7.5,Chè Ô Long,257000.0,AI_Synthetic,True
2024-10-23,22.4,15.4,1.8,Chè Ô Long,255000.0,AI_Synthetic,True
2024-10-24,24.1,15.1,0.8,Chè Ô Long,256000.0,AI_Synthetic,True
2024-10-25,24.1,15.9,0.0,Chè Ô Long,262000.0,AI_Synthetic,True
2024-10-26,20.7,14.6,0.0,Chè Ô Long,259000.0,AI_Synthetic,True
2024-10-27,17.7,15.1,13.1,Chè Ô Long,247000.0,AI_Synthetic,True
2024-10-28,19.6,16.4,6.9,Chè Ô Long,241000.0,AI_Synthetic,True
2024-10-29,20.1,16.4,1.9,Chè Ô Long,242000.0,AI_Synthetic,True
2024-10-30,22.8,16.0,1.1,Chè Ô Long,255000.0,AI_Synthetic,True
2024-10-31,24.0,15.5,0.1,Chè Ô Long,256000.0,AI_Synthetic,True
2024-11-01,22.0,15.4,53.9,Chè Ô Long,237000.0,AI_Synthetic,True
2024-11-02,20.9,15.0,50.2,Chè Ô Long,234000.0,AI_Synthetic,True
2024-11-03,22.4,15.5,5.5,Chè Ô Long,265000.0,AI_Synthetic,True
2024-11-04,21.1,15.1,3.0,Chè Ô Long,264000.0,AI_Synthetic,True
2024-11-05,21.2,14.5,5.5,Chè Ô Long,260000.0,AI_Synthetic,True
2024-11-06,21.6,16.2,2.6,Chè Ô Long,262000.0,AI_Synthetic,True
2024-11-07,20.7,16.2,0.6,Chè Ô Long,255000.0,AI_Synthetic,True
2024-11-08,20.3,16.2,0.3,Chè Ô Long,242000.0,AI_Synthetic,True
2024-11-09,22.0,15.5,0.0,Chè Ô Long,259000.0,AI_Synthetic,True
2024-11-10,22.7,14.9,1.3,Chè Ô Long,265000.0,AI_Synthetic,True
2024-11-11,22.8,12.6,2.2,Chè Ô Long,249000.0,AI_Synthetic,True
2024-11-12,22.8,13.7,2.5,Chè Ô Long,260000.0,AI_Synthetic,True
2024-11-13,22.1,16.0,1.7,Chè Ô Long,264000.0,AI_Synthetic,True
2024-11-14,23.5,14.1,0.6,Chè Ô Long,243000.0,AI_Synthetic,True
2024-11-15,23.5,13.6,1.4,Chè Ô Long,248000.0,AI_Synthetic,True
2024-11-16,23.3,13.8,0.0,Chè Ô Long,263000.0,AI_Synthetic,True
2024-11-17,24.3,13.7,0.4,Chè Ô Long,245000.0,AI_Synthetic,True
2024-11-18,22.7,13.9,0.0,Chè Ô Long,249000.0,AI_Synthetic,True
2024-11-19,22.7,15.2,0.8,Chè Ô Long,249000.0,AI_Synthetic,True
2024-11-20,22.9,15.6,0.0,Chè Ô Long,258000.0,AI_Synthetic,True
2024-11-21,22.1,16.5,0.1,Chè Ô Long,261000.0,AI_Synthetic,True
2024-11-22,22.3,16.0,0.2,Chè Ô Long,259000.0,AI_Synthetic,True
2024-11-23,22.4,16.0,0.0,Chè Ô Long,251000.0,AI_Synthetic,True
2024-11-24,22.7,15.7,0.4,Chè Ô Long,258000.0,AI_Synthetic,True
2024-11-25,21.8,15.2,0.0,Chè Ô Long,250000.0,AI_Synthetic,True
2024-11-26,21.8,16.0,0.0,Chè Ô Long,254000.0,AI_Synthetic,True
2024-11-27,21.0,16.1,0.8,Chè Ô Long,251000.0,AI_Synthetic,True
2024-11-28,20.0,15.2,0.2,Chè Ô Long,243000.0,AI_Synthetic,True
2024-11-29,20.1,14.0,0.0,Chè Ô Long,243000.0,AI_Synthetic,True
2024-11-30,21.9,14.4,1.3,Chè Ô Long,255000.0,AI_Synthetic,True
2024-12-01,22.1,15.9,0.6,Chè Ô Long,263000.0,AI_Synthetic,True
2024-12-02,21.3,15.3,0.0,Chè Ô Long,241000.0,AI_Synthetic,True
2024-12-03,21.9,16.2,1.1,Chè Ô Long,240000.0,AI_Synthetic,True
2024-12-04,21.2,16.5,2.1,Chè Ô Long,260000.0,AI_Synthetic,True
2024-12-05,21.1,16.8,0.0,Chè Ô Long,252000.0,AI_Synthetic,True
2024-12-06,22.1,16.8,2.0,Chè Ô Long,251000.0,AI_Synthetic,True
2024-12-07,21.1,16.5,0.7,Chè Ô Long,250000.0,AI_Synthetic,True
2024-12-08,21.9,16.2,0.0,Chè Ô Long,248000.0,AI_Synthetic,True
2024-12-09,21.0,16.3,0.0,Chè Ô Long,261000.0,AI_Synthetic,True
2024-12-10,19.0,15.9,14.9,Chè Ô Long,259000.0,AI_Synthetic,True
2024-12-11,19.9,16.5,10.5,Chè Ô Long,253000.0,AI_Synthetic,True
2024-12-12,18.1,16.8,8.0,Chè Ô Long,246000.0,AI_Synthetic,True
2024-12-13,19.3,16.5,14.7,Chè Ô Long,246000.0,AI_Synthetic,True
2024-12-14,19.5,16.1,17.9,Chè Ô Long,250000.0,AI_Synthetic,True
2024-12-15,16.9,14.8,38.0,Chè Ô Long,226000.0,AI_Synthetic,True
2024-12-16,18.5,14.4,0.2,Chè Ô Long,254000.0,AI_Synthetic,True
2024-12-17,21.5,14.4,0.0,Chè Ô Long,252000.0,AI_Synthetic,True
2024-12-18,21.9,15.1,0.0,Chè Ô Long,242000.0,AI_Synthetic,True
2024-12-19,21.6,13.8,0.0,Chè Ô Long,243000.0,AI_Synthetic,True
2024-12-20,21.6,12.2,0.0,Chè Ô Long,240000.0,AI_Synthetic,True
2024-12-21,21.7,10.9,0.0,Chè Ô Long,249000.0,AI_Synthetic,True
2024-12-22,19.7,11.3,0.8,Chè Ô Long,261000.0,AI_Synthetic,True
2024-12-23,20.1,14.8,0.0,Chè Ô Long,243000.0,AI_Synthetic,True
2024-12-24,17.5,15.3,1.5,Chè Ô Long,258000.0,AI_Synthetic,True
2024-12-25,20.6,15.4,17.2,Chè Ô Long,260000.0,AI_Synthetic,True
2024-12-26,20.8,16.2,2.7,Chè Ô Long,251000.0,AI_Synthetic,True
2024-12-27,20.0,16.0,3.5,Chè Ô Long,261000.0,AI_Synthetic,True
2024-12-28,20.7,14.6,0.2,Chè Ô Long,262000.0,AI_Synthetic,True
2024-12-29,20.5,13.4,0.0,Chè Ô Long,250000.0,AI_Synthetic,True
2024-12-30,22.7,13.2,0.0,Chè Ô Long,243000.0,AI_Synthetic,True
2024-12-31,19.5,14.6,0.1,Chè Ô Long,255000.0,AI_Synthetic,True
2025-01-01,22.3,15.0,1.4,Chè Ô Long,243000.0,AI_Synthetic,True
2025-01-02,22.2,14.8,0.9,Chè Ô Long,259000.0,AI_Synthetic,True
2025-01-03,18.0,14.4,0.1,Chè Ô Long,248000.0,AI_Synthetic,True
2025-01-04,22.3,13.6,0.0,Chè Ô Long,245000.0,AI_Synthetic,True
2025-01-05,22.6,11.5,0.0,Chè Ô Long,259000.0,AI_Synthetic,True
2025-01-06,21.7,10.9,0.0,Chè Ô Long,258000.0,AI_Synthetic,True
2025-01-07,21.2,11.8,0.6,Chè Ô Long,244000.0,AI_Synthetic,True
2025-01-08,20.6,11.2,0.0,Chè Ô Long,257000.0,AI_Synthetic,True
2025-01-09,22.3,12.7,0.0,Chè Ô Long,256000.0,AI_Synthetic,True
2025-01-10,19.3,12.7,0.0,Chè Ô Long,250000.0,AI_Synthetic,True
2025-01-11,17.3,12.1,0.0,Chè Ô Long,244000.0,AI_Synthetic,True
2025-01-12,19.9,10.9,0.0,Chè Ô Long,253000.0,AI_Synthetic,True
2025-01-13,21.4,11.3,0.0,Chè Ô Long,247000.0,AI_Synthetic,True
2025-01-14,21.1,15.0,1.2,Chè Ô Long,256000.0,AI_Synthetic,True
2025-01-15,19.3,15.7,0.1,Chè Ô Long,250000.0,AI_Synthetic,True
2025-01-16,19.6,13.6,0.0,Chè Ô Long,255000.0,AI_Synthetic,True
2025-01-17,20.3,12.4,0.0,Chè Ô Long,252000.0,AI_Synthetic,True
2025-01-18,20.7,12.3,0.0,Chè Ô Long,248000.0,AI_Synthetic,True
2025-01-19,21.0,12.0,0.0,Chè Ô Long,244000.0,AI_Synthetic,True
2025-01-20,20.8,10.6,0.0,Chè Ô Long,242000.0,AI_Synthetic,True
2025-01-21,22.2,9.9,0.0,Chè Ô Long,279000.0,AI_Synthetic,True
2025-01-22,22.1,12.1,0.0,Chè Ô Long,249000.0,AI_Synthetic,True
2025-01-23,22.1,12.3,0.0,Chè Ô Long,260000.0,AI_Synthetic,True
2025-01-24,22.9,12.5,0.0,Chè Ô Long,260000.0,AI_Synthetic,True
2025-01-25,21.9,13.1,0.0,Chè Ô Long,243000.0,AI_Synthetic,True
2025-01-26,22.3,12.2,0.0,Chè Ô Long,240000.0,AI_Synthetic,True
2025-01-27,19.6,11.7,0.0,Chè Ô Long,254000.0,AI_Synthetic,True
2025-01-28,20.5,10.3,0.0,Chè Ô Long,261000.0,AI_Synthetic,True
2025-01-29,19.0,9.9,0.0,Chè Ô Long,280000.0,AI_Synthetic,True
2025-01-30,20.6,10.4,0.0,Chè Ô Long,252000.0,AI_Synthetic,True
2025-01-31,21.6,10.0,0.0,Chè Ô Long,241000.0,AI_Synthetic,True
2025-02-01,23.3,11.7,0.0,Chè Ô Long,257000.0,AI_Synthetic,True
2025-02-02,22.6,12.1,0.0,Chè Ô Long,250000.0,AI_Synthetic,True
2025-02-03,23.8,13.2,0.0,Chè Ô Long,255000.0,AI_Synthetic,True
2025-02-04,20.2,12.4,0.0,Chè Ô Long,244000.0,AI_Synthetic,True
2025-02-05,21.9,10.5,0.0,Chè Ô Long,241000.0,AI_Synthetic,True
2025-02-06,21.5,10.2,0.0,Chè Ô Long,249000.0,AI_Synthetic,True
2025-02-07,22.6,11.2,0.0,Chè Ô Long,265000.0,AI_Synthetic,True
2025-02-08,21.4,11.9,0.0,Chè Ô Long,252000.0,AI_Synthetic,True
2025-02-09,17.8,11.5,0.0,Chè Ô Long,253000.0,AI_Synthetic,True
2025-02-10,20.6,13.1,0.4,Chè Ô Long,244000.0,AI_Synthetic,True
2025-02-11,22.7,14.8,6.0,Chè Ô Long,257000.0,AI_Synthetic,True
2025-02-12,22.9,13.1,12.2,Chè Ô Long,244000.0,AI_Synthetic,True
2025-02-13,22.4,13.2,2.2,Chè Ô Long,244000.0,AI_Synthetic,True
2025-02-14,24.7,13.2,4.7,Chè Ô Long,247000.0,AI_Synthetic,True
2025-02-15,22.4,14.4,2.0,Chè Ô Long,262000.0,AI_Synthetic,True
2025-02-16,21.9,13.6,1.8,Chè Ô Long,255000.0,AI_Synthetic,True
2025-02-17,23.1,13.6,0.0,Chè Ô Long,248000.0,AI_Synthetic,True
2025-02-18,22.2,13.8,1.7,Chè Ô Long,245000.0,AI_Synthetic,True
2025-02-19,20.8,14.4,2.0,Chè Ô Long,244000.0,AI_Synthetic,True
2025-02-20,22.3,13.8,3.5,Chè Ô Long,249000.0,AI_Synthetic,True
2025-02-21,21.8,14.9,0.2,Chè Ô Long,250000.0,AI_Synthetic,True
2025-02-22,20.3,15.0,0.6,Chè Ô Long,251000.0,AI_Synthetic,True
2025-02-23,18.1,15.6,6.9,Chè Ô Long,245000.0,AI_Synthetic,True
2025-02-24,19.6,15.2,3.2,Chè Ô Long,250000.0,AI_Synthetic,True
2025-02-25,20.9,14.9,1.2,Chè Ô Long,253000.0,AI_Synthetic,True
2025-02-26,21.4,14.3,1.6,Chè Ô Long,263000.0,AI_Synthetic,True
2025-02-27,22.8,14.2,0.0,Chè Ô Long,243000.0,AI_Synthetic,True
2025-02-28,22.7,13.9,0.1,Chè Ô Long,241000.0,AI_Synthetic,True
2025-03-01,23.8,13.7,0.0,Chè Ô Long,243000.0,AI_Synthetic,True
2025-03-02,22.8,12.6,0.0,Chè Ô Long,243000.0,AI_Synthetic,True
2025-03-03,24.4,14.3,0.0,Chè Ô Long,243000.0,AI_Synthetic,True
2025-03-04,23.8,14.5,2.2,Chè Ô Long,253000.0,AI_Synthetic,True
2025-03-05,24.2,13.7,4.9,Chè Ô Long,252000.0,AI_Synthetic,True
2025-03-06,23.0,14.6,0.3,Chè Ô Long,261000.0,AI_Synthetic,True
2025-03-07,23.1,15.4,1.2,Chè Ô Long,260000.0,AI_Synthetic,True
2025-03-08,23.7,15.1,0.0,Chè Ô Long,261000.0,AI_Synthetic,True
2025-03-09,19.4,15.9,3.3,Chè Ô Long,254000.0,AI_Synthetic,True
2025-03-10,22.3,15.6,0.7,Chè Ô Long,243000.0,AI_Synthetic,True
2025-03-11,23.1,15.4,0.0,Chè Ô Long,241000.0,AI_Synthetic,True
2025-03-12,23.2,15.0,1.3,Chè Ô Long,257000.0,AI_Synthetic,True
2025-03-13,23.1,14.3,0.0,Chè Ô Long,248000.0,AI_Synthetic,True
2025-03-14,24.0,14.0,0.0,Chè Ô Long,265000.0,AI_Synthetic,True
2025-03-15,25.0,14.3,0.1,Chè Ô Long,251000.0,AI_Synthetic,True
2025-03-16,24.3,14.8,0.5,Chè Ô Long,255000.0,AI_Synthetic,True
2025-03-17,22.6,14.6,1.8,Chè Ô Long,249000.0,AI_Synthetic,True
2025-03-18,22.9,14.9,0.0,Chè Ô Long,246000.0,AI_Synthetic,True
2025-03-19,21.8,14.3,0.0,Chè Ô Long,246000.0,AI_Synthetic,True
2025-03-20,20.6,13.2,0.0,Chè Ô Long,260000.0,AI_Synthetic,True
2025-03-21,24.5,13.6,0.0,Chè Ô Long,260000.0,AI_Synthetic,True
2025-03-22,23.8,12.9,0.0,Chè Ô Long,246000.0,AI_Synthetic,True
2025-03-23,23.7,12.2,0.1,Chè Ô Long,254000.0,AI_Synthetic,True
2025-03-24,25.1,11.6,0.0,Chè Ô Long,260000.0,AI_Synthetic,True
2025-03-25,23.8,12.9,0.0,Chè Ô Long,257000.0,AI_Synthetic,True
2025-03-26,25.0,12.4,0.0,Chè Ô Long,242000.0,AI_Synthetic,True
2025-03-27,25.2,14.6,0.2,Chè Ô Long,245000.0,AI_Synthetic,True
2025-03-28,24.9,15.1,0.2,Chè Ô Long,242000.0,AI_Synthetic,True
2025-03-29,24.3,13.9,0.9,Chè Ô Long,263000.0,AI_Synthetic,True
2025-03-30,24.0,15.1,2.5,Chè Ô Long,263000.0,AI_Synthetic,True
2025-03-31,23.4,16.6,3.9,Chè Ô Long,242000.0,AI_Synthetic,True
2025-04-01,22.3,16.3,1.4,Chè Ô Long,259000.0,AI_Synthetic,True
2025-04-02,21.3,16.0,0.7,Chè Ô Long,243000.0,AI_Synthetic,True
2025-04-03,24.2,14.5,0.0,Chè Ô Long,247000.0,AI_Synthetic,True
2025-04-04,23.6,14.3,0.0,Chè Ô Long,247000.0,AI_Synthetic,True
2025-04-05,24.7,13.9,0.9,Chè Ô Long,263000.0,AI_Synthetic,True
2025-04-06,24.5,14.5,0.0,Chè Ô Long,259000.0,AI_Synthetic,True
2025-04-07,24.7,14.2,0.0,Chè Ô Long,250000.0,AI_Synthetic,True
2025-04-08,24.7,15.1,0.6,Chè Ô Long,242000.0,AI_Synthetic,True
2025-04-09,25.1,15.5,0.9,Chè Ô Long,246000.0,AI_Synthetic,True
2025-04-10,26.1,14.5,1.3,Chè Ô Long,255000.0,AI_Synthetic,True
2025-04-11,24.6,14.8,1.2,Chè Ô Long,264000.0,AI_Synthetic,True
2025-04-12,25.2,14.1,1.8,Chè Ô Long,251000.0,AI_Synthetic,True
2025-04-13,24.1,16.0,1.1,Chè Ô Long,253000.0,AI_Synthetic,True
2025-04-14,24.4,15.2,5.8,Chè Ô Long,252000.0,AI_Synthetic,True
2025-04-15,24.9,15.7,2.1,Chè Ô Long,253000.0,AI_Synthetic,True
2025-04-16,24.3,14.6,2.9,Chè Ô Long,240000.0,AI_Synthetic,True
2025-04-17,24.0,15.7,2.2,Chè Ô Long,263000.0,AI_Synthetic,True
2025-04-18,25.7,15.0,0.4,Chè Ô Long,264000.0,AI_Synthetic,True
2025-04-19,25.1,15.1,0.0,Chè Ô Long,242000.0,AI_Synthetic,True
2025-04-20,25.8,14.6,0.0,Chè Ô Long,249000.0,AI_Synthetic,True
2025-04-21,24.4,14.6,2.9,Chè Ô Long,257000.0,AI_Synthetic,True
2025-04-22,24.8,14.4,0.1,Chè Ô Long,261000.0,AI_Synthetic,True
2025-04-23,24.9,14.0,4.9,Chè Ô Long,243000.0,AI_Synthetic,True
2025-04-24,25.6,14.5,0.6,Chè Ô Long,263000.0,AI_Synthetic,True
2025-04-25,23.8,15.4,24.0,Chè Ô Long,230000.0,AI_Synthetic,True
2025-04-26,23.4,15.8,4.7,Chè Ô Long,251000.0,AI_Synthetic,True
2025-04-27,24.0,13.7,0.0,Chè Ô Long,262000.0,AI_Synthetic,True
2025-04-28,24.5,14.7,0.0,Chè Ô Long,262000.0,AI_Synthetic,True
2025-04-29,24.7,12.9,0.0,Chè Ô Long,247000.0,AI_Synthetic,True
2025-04-30,24.8,14.0,0.0,Chè Ô Long,265000.0,AI_Synthetic,True
2025-05-01,22.1,15.8,19.1,Chè Ô Long,244000.0,AI_Synthetic,True
2025-05-02,22.7,15.6,5.3,Chè Ô Long,262000.0,AI_Synthetic,True
2025-05-03,22.3,16.2,1.6,Chè Ô Long,257000.0,AI_Synthetic,True
2025-05-04,23.8,15.0,2.9,Chè Ô Long,245000.0,AI_Synthetic,True
2025-05-05,24.1,14.8,3.4,Chè Ô Long,241000.0,AI_Synthetic,True
2025-05-06,24.7,14.8,4.8,Chè Ô Long,258000.0,AI_Synthetic,True
2025-05-07,25.2,15.9,0.3,Chè Ô Long,252000.0,AI_Synthetic,True
2025-05-08,24.5,15.3,1.2,Chè Ô Long,258000.0,AI_Synthetic,True
2025-05-09,25.7,16.3,11.0,Chè Ô Long,245000.0,AI_Synthetic,True
2025-05-10,24.2,15.5,8.5,Chè Ô Long,260000.0,AI_Synthetic,True
2025-05-11,24.4,15.7,9.3,Chè Ô Long,259000.0,AI_Synthetic,True
2025-05-12,22.5,15.0,9.0,Chè Ô Long,249000.0,AI_Synthetic,True
2025-05-13,24.0,15.9,4.5,Chè Ô Long,251000.0,AI_Synthetic,True
2025-05-14,23.6,15.7,3.5,Chè Ô Long,249000.0,AI_Synthetic,True
2025-05-15,23.3,15.8,1.5,Chè Ô Long,249000.0,AI_Synthetic,True
2025-05-16,23.0,15.9,4.4,Chè Ô Long,258000.0,AI_Synthetic,True
2025-05-17,21.6,15.7,3.3,Chè Ô Long,242000.0,AI_Synthetic,True
2025-05-18,23.0,16.0,1.0,Chè Ô Long,249000.0,AI_Synthetic,True
2025-05-19,22.3,16.1,2.4,Chè Ô Long,243000.0,AI_Synthetic,True
2025-05-20,23.9,15.9,6.1,Chè Ô Long,253000.0,AI_Synthetic,True
2025-05-21,23.4,15.8,14.9,Chè Ô Long,256000.0,AI_Synthetic,True
2025-05-22,22.2,15.9,10.8,Chè Ô Long,251000.0,AI_Synthetic,True
2025-05-23,22.1,15.3,5.5,Chè Ô Long,240000.0,AI_Synthetic,True
2025-05-24,22.1,16.1,4.5,Chè Ô Long,263000.0,AI_Synthetic,True
2025-05-25,21.8,15.6,5.3,Chè Ô Long,259000.0,AI_Synthetic,True
2025-05-26,23.3,14.7,5.6,Chè Ô Long,245000.0,AI_Synthetic,True
2025-05-27,24.1,15.3,10.5,Chè Ô Long,252000.0,AI_Synthetic,True
2025-05-28,23.8,16.0,29.6,Chè Ô Long,242000.0,AI_Synthetic,True
2025-05-29,23.1,16.8,7.7,Chè Ô Long,247000.0,AI_Synthetic,True
2025-05-30,24.4,16.0,9.4,Chè Ô Long,259000.0,AI_Synthetic,True
2025-05-31,24.5,16.0,1.6,Chè Ô Long,246000.0,AI_Synthetic,True
2025-06-01,24.5,17.5,0.2,Chè Ô Long,240000.0,AI_Synthetic,True
2025-06-02,23.3,17.9,0.4,Chè Ô Long,244000.0,AI_Synthetic,True
2025-06-03,24.0,18.2,5.4,Chè Ô Long,252000.0,AI_Synthetic,True
2025-06-04,25.4,17.1,8.2,Chè Ô Long,259000.0,AI_Synthetic,True
2025-06-05,24.7,15.0,5.2,Chè Ô Long,255000.0,AI_Synthetic,True
2025-06-06,23.5,16.3,21.7,Chè Ô Long,241000.0,AI_Synthetic,True
2025-06-07,24.6,15.7,24.6,Chè Ô Long,231000.0,AI_Synthetic,True
2025-06-08,23.7,15.9,2.0,Chè Ô Long,257000.0,AI_Synthetic,True
2025-06-09,23.5,16.3,7.9,Chè Ô Long,248000.0,AI_Synthetic,True
2025-06-10,22.9,16.9,1.3,Chè Ô Long,246000.0,AI_Synthetic,True
2025-06-11,21.1,16.5,9.7,Chè Ô Long,246000.0,AI_Synthetic,True
2025-06-12,20.4,16.3,2.3,Chè Ô Long,255000.0,AI_Synthetic,True
2025-06-13,22.4,16.6,3.4,Chè Ô Long,250000.0,AI_Synthetic,True
2025-06-14,23.8,17.0,4.3,Chè Ô Long,245000.0,AI_Synthetic,True
2025-06-15,24.6,17.1,5.7,Chè Ô Long,245000.0,AI_Synthetic,True
2025-06-16,24.4,16.4,6.9,Chè Ô Long,249000.0,AI_Synthetic,True
2025-06-17,24.6,15.2,3.7,Chè Ô Long,254000.0,AI_Synthetic,True
2025-06-18,23.2,15.5,24.4,Chè Ô Long,240000.0,AI_Synthetic,True
2025-06-19,23.4,15.2,17.2,Chè Ô Long,253000.0,AI_Synthetic,True
2025-06-20,23.4,15.2,24.1,Chè Ô Long,236000.0,AI_Synthetic,True
2025-06-21,23.2,14.4,22.0,Chè Ô Long,243000.0,AI_Synthetic,True
2025-06-22,23.2,15.5,4.0,Chè Ô Long,260000.0,AI_Synthetic,True
2025-06-23,24.1,15.9,1.6,Chè Ô Long,250000.0,AI_Synthetic,True
2025-06-24,24.2,16.3,1.8,Chè Ô Long,243000.0,AI_Synthetic,True
2025-06-25,23.8,15.9,11.3,Chè Ô Long,252000.0,AI_Synthetic,True
2025-06-26,23.6,15.7,1.9,Chè Ô Long,262000.0,AI_Synthetic,True
2025-06-27,23.3,16.2,3.1,Chè Ô Long,248000.0,AI_Synthetic,True
2025-06-28,23.0,16.6,1.7,Chè Ô Long,249000.0,AI_Synthetic,True
2025-06-29,24.4,17.0,0.0,Chè Ô Long,261000.0,AI_Synthetic,True
2025-06-30,23.4,16.6,2.7,Chè Ô Long,261000.0,AI_Synthetic,True
2025-07-01,22.9,15.9,16.1,Chè Ô Long,264000.0,AI_Synthetic,True
2025-07-02,22.8,16.0,24.3,Chè Ô Long,237000.0,AI_Synthetic,True
2025-07-03,23.9,16.2,0.7,Chè Ô Long,263000.0,AI_Synthetic,True
2025-07-04,23.9,16.4,2.5,Chè Ô Long,259000.0,AI_Synthetic,True
2025-07-05,24.6,17.2,1.9,Chè Ô Long,245000.0,AI_Synthetic,True
2025-07-06,23.8,17.1,2.7,Chè Ô Long,264000.0,AI_Synthetic,True
2025-07-07,24.2,16.7,6.5,Chè Ô Long,241000.0,AI_Synthetic,True
2025-07-08,22.9,17.1,3.2,Chè Ô Long,258000.0,AI_Synthetic,True
2025-07-09,23.4,17.4,7.2,Chè Ô Long,241000.0,AI_Synthetic,True
2025-07-10,23.2,17.7,1.7,Chè Ô Long,259000.0,AI_Synthetic,True
2025-07-11,23.8,17.3,1.0,Chè Ô Long,265000.0,AI_Synthetic,True
2025-07-12,24.0,16.3,20.4,Chè Ô Long,229000.0,AI_Synthetic,True
2025-07-13,24.0,16.1,6.7,Chè Ô Long,265000.0,AI_Synthetic,True
2025-07-14,24.0,16.4,9.8,Chè Ô Long,261000.0,AI_Synthetic,True
2025-07-15,23.1,17.1,5.5,Chè Ô Long,241000.0,AI_Synthetic,True
2025-07-16,23.1,16.9,3.6,Chè Ô Long,240000.0,AI_Synthetic,True
2025-07-17,23.8,16.7,9.8,Chè Ô Long,262000.0,AI_Synthetic,True
2025-07-18,23.1,17.1,0.1,Chè Ô Long,250000.0,AI_Synthetic,True
2025-07-19,21.9,17.3,0.6,Chè Ô Long,262000.0,AI_Synthetic,True
2025-07-20,21.2,17.3,2.3,Chè Ô Long,248000.0,AI_Synthetic,True
2025-07-21,20.0,16.6,6.3,Chè Ô Long,253000.0,AI_Synthetic,True
2025-07-22,21.6,16.7,4.1,Chè Ô Long,243000.0,AI_Synthetic,True
2025-07-23,22.8,17.2,5.3,Chè Ô Long,249000.0,AI_Synthetic,True
2025-07-24,22.1,17.6,5.8,Chè Ô Long,249000.0,AI_Synthetic,True
2025-07-25,22.3,17.4,3.2,Chè Ô Long,260000.0,AI_Synthetic,True
2025-07-26,22.7,17.1,8.1,Chè Ô Long,244000.0,AI_Synthetic,True
2025-07-27,22.8,17.3,0.5,Chè Ô Long,243000.0,AI_Synthetic,True
2025-07-28,23.5,17.4,2.8,Chè Ô Long,258000.0,AI_Synthetic,True
2025-07-29,22.0,17.2,5.7,Chè Ô Long,260000.0,AI_Synthetic,True
2025-07-30,23.7,17.9,0.6,Chè Ô Long,255000.0,AI_Synthetic,True
2025-07-31,24.2,17.8,1.2,Chè Ô Long,243000.0,AI_Synthetic,True
2025-08-01,25.2,17.7,1.3,Chè Ô Long,250000.0,AI_Synthetic,True
2025-08-02,24.1,17.3,0.4,Chè Ô Long,264000.0,AI_Synthetic,True
2025-08-03,25.4,17.3,0.6,Chè Ô Long,258000.0,AI_Synthetic,True
2025-08-04,25.2,16.7,2.5,Chè Ô Long,260000.0,AI_Synthetic,True
2025-08-05,24.5,16.5,8.3,Chè Ô Long,258000.0,AI_Synthetic,True
2025-08-06,24.5,16.0,4.9,Chè Ô Long,254000.0,AI_Synthetic,True
2025-08-07,23.9,15.5,10.2,Chè Ô Long,252000.0,AI_Synthetic,True
2025-08-08,23.7,15.4,18.5,Chè Ô Long,254000.0,AI_Synthetic,True
2025-08-09,23.9,15.9,3.4,Chè Ô Long,262000.0,AI_Synthetic,True
2025-08-10,23.7,15.3,7.4,Chè Ô Long,244000.0,AI_Synthetic,True
2025-08-11,24.8,15.8,3.8,Chè Ô Long,263000.0,AI_Synthetic,True
2025-08-12,24.1,14.8,8.4,Chè Ô Long,242000.0,AI_Synthetic,True
2025-08-13,24.3,15.2,3.9,Chè Ô Long,255000.0,AI_Synthetic,True
2025-08-14,24.0,15.4,25.6,Chè Ô Long,225000.0,AI_Synthetic,True
2025-08-15,23.3,14.5,7.0,Chè Ô Long,241000.0,AI_Synthetic,True
2025-08-16,21.8,15.0,27.3,Chè Ô Long,240000.0,AI_Synthetic,True
2025-08-17,22.6,16.6,9.6,Chè Ô Long,259000.0,AI_Synthetic,True
2025-08-18,24.1,16.3,4.6,Chè Ô Long,248000.0,AI_Synthetic,True
2025-08-19,22.5,15.6,3.8,Chè Ô Long,245000.0,AI_Synthetic,True
2025-08-20,22.8,15.2,4.8,Chè Ô Long,255000.0,AI_Synthetic,True
2025-08-21,19.0,15.5,12.0,Chè Ô Long,260000.0,AI_Synthetic,True
2025-08-22,22.5,15.0,0.5,Chè Ô Long,247000.0,AI_Synthetic,True
2025-08-23,22.6,15.9,6.5,Chè Ô Long,243000.0,AI_Synthetic,True
2025-08-24,22.5,16.8,3.4,Chè Ô Long,261000.0,AI_Synthetic,True
2025-08-25,21.4,16.4,2.6,Chè Ô Long,253000.0,AI_Synthetic,True
2025-08-26,21.8,15.4,1.4,Chè Ô Long,254000.0,AI_Synthetic,True
2025-08-27,22.0,16.5,0.7,Chè Ô Long,251000.0,AI_Synthetic,True
2025-08-28,23.4,16.4,0.9,Chè Ô Long,261000.0,AI_Synthetic,True
2025-08-29,23.8,16.5,2.1,Chè Ô Long,244000.0,AI_Synthetic,True
2025-08-30,21.5,16.4,15.7,Chè Ô Long,240000.0,AI_Synthetic,True
2025-08-31,23.8,15.0,13.6,Chè Ô Long,248000.0,AI_Synthetic,True
2025-09-01,22.5,15.2,37.1,Chè Ô Long,236000.0,AI_Synthetic,True
2025-09-02,21.9,15.8,23.9,Chè Ô Long,229000.0,AI_Synthetic,True
2025-09-03,21.9,16.1,12.3,Chè Ô Long,249000.0,AI_Synthetic,True
2025-09-04,23.2,15.3,17.5,Chè Ô Long,251000.0,AI_Synthetic,True
2025-09-05,24.0,16.0,3.9,Chè Ô Long,248000.0,AI_Synthetic,True
2025-09-06,24.1,16.9,2.8,Chè Ô Long,248000.0,AI_Synthetic,True
2025-09-07,21.0,16.4,11.6,Chè Ô Long,260000.0,AI_Synthetic,True
2025-09-08,23.4,16.3,1.9,Chè Ô Long,244000.0,AI_Synthetic,True
2025-09-09,23.6,15.7,1.9,Chè Ô Long,251000.0,AI_Synthetic,True
2025-09-10,24.7,15.2,13.9,Chè Ô Long,259000.0,AI_Synthetic,True
2025-09-11,22.9,14.9,6.2,Chè Ô Long,244000.0,AI_Synthetic,True
2025-09-12,22.1,14.2,3.8,Chè Ô Long,264000.0,AI_Synthetic,True
2025-09-13,21.7,15.2,3.3,Chè Ô Long,252000.0,AI_Synthetic,True
2025-09-14,23.2,14.5,9.7,Chè Ô Long,242000.0,AI_Synthetic,True
2025-09-15,22.8,14.7,18.3,Chè Ô Long,260000.0,AI_Synthetic,True
2025-09-16,23.0,14.9,11.6,Chè Ô Long,240000.0,AI_Synthetic,True
2025-09-17,21.8,14.7,16.6,Chè Ô Long,248000.0,AI_Synthetic,True
2025-09-18,23.1,16.4,41.9,Chè Ô Long,238000.0,AI_Synthetic,True
2025-09-19,21.9,16.8,12.8,Chè Ô Long,251000.0,AI_Synthetic,True
2025-09-20,24.1,16.5,2.6,Chè Ô Long,244000.0,AI_Synthetic,True
2025-09-21,23.9,16.5,7.0,Chè Ô Long,256000.0,AI_Synthetic,True
2025-09-22,22.5,17.1,14.1,Chè Ô Long,259000.0,AI_Synthetic,True
2025-09-23,22.2,16.6,13.0,Chè Ô Long,265000.0,AI_Synthetic,True
2025-09-24,22.1,17.2,0.7,Chè Ô Long,240000.0,AI_Synthetic,True
2025-09-25,22.4,17.0,1.7,Chè Ô Long,261000.0,AI_Synthetic,True
2025-09-26,22.5,16.8,31.4,Chè Ô Long,232000.0,AI_Synthetic,True
2025-09-27,22.1,16.3,11.8,Chè Ô Long,258000.0,AI_Synthetic,True
2025-09-28,20.0,16.9,8.8,Chè Ô Long,249000.0,AI_Synthetic,True
2025-09-29,21.5,16.2,4.1,Chè Ô Long,257000.0,AI_Synthetic,True
2025-09-30,22.1,15.2,6.4,Chè Ô Long,245000.0,AI_Synthetic,True
2025-10-01,22.4,14.3,5.9,Chè Ô Long,257000.0,AI_Synthetic,True
2025-10-02,23.0,13.4,2.4,Chè Ô Long,258000.0,AI_Synthetic,True
2025-10-03,22.9,14.7,2.7,Chè Ô Long,252000.0,AI_Synthetic,True
2025-10-04,23.4,15.4,5.3,Chè Ô Long,246000.0,AI_Synthetic,True
2025-10-05,21.4,15.7,0.9,Chè Ô Long,265000.0,AI_Synthetic,True
2025-10-06,23.9,15.2,1.4,Chè Ô Long,244000.0,AI_Synthetic,True
2025-10-07,22.9,14.2,7.2,Chè Ô Long,264000.0,AI_Synthetic,True
2025-10-08,22.1,14.0,3.8,Chè Ô Long,257000.0,AI_Synthetic,True
2025-10-09,22.8,14.0,22.3,Chè Ô Long,245000.0,AI_Synthetic,True
2025-10-10,21.0,14.3,7.2,Chè Ô Long,241000.0,AI_Synthetic,True
2025-10-11,21.3,14.9,8.1,Chè Ô Long,251000.0,AI_Synthetic,True
2025-10-12,20.7,14.7,4.1,Chè Ô Long,249000.0,AI_Synthetic,True
2025-10-13,21.8,14.3,5.4,Chè Ô Long,252000.0,AI_Synthetic,True
2025-10-14,22.6,14.9,0.9,Chè Ô Long,243000.0,AI_Synthetic,True
2025-10-15,22.0,15.3,5.3,Chè Ô Long,246000.0,AI_Synthetic,True
2025-10-16,20.9,16.7,3.0,Chè Ô Long,248000.0,AI_Synthetic,True
2025-10-17,22.8,16.5,2.3,Chè Ô Long,256000.0,AI_Synthetic,True
2025-10-18,21.8,15.8,2.5,Chè Ô Long,247000.0,AI_Synthetic,True
2025-10-19,23.3,15.8,2.8,Chè Ô Long,257000.0,AI_Synthetic,True
2025-10-20,23.0,17.0,7.5,Chè Ô Long,242000.0,AI_Synthetic,True
2025-10-21,20.8,16.6,16.2,Chè Ô Long,255000.0,AI_Synthetic,True
2025-10-22,23.7,16.0,8.3,Chè Ô Long,263000.0,AI_Synthetic,True
2025-10-23,22.6,14.6,4.7,Chè Ô Long,256000.0,AI_Synthetic,True
2025-10-24,21.7,16.1,10.2,Chè Ô Long,260000.0,AI_Synthetic,True
2025-10-25,18.8,16.8,27.2,Chè Ô Long,245000.0,AI_Synthetic,True
2025-10-26,20.1,16.3,15.2,Chè Ô Long,251000.0,AI_Synthetic,True
2025-10-27,21.7,15.4,66.4,Chè Ô Long,234000.0,AI_Synthetic,True
2025-10-28,21.5,16.4,8.2,Chè Ô Long,253000.0,AI_Synthetic,True
2025-10-29,21.5,15.8,9.8,Chè Ô Long,248000.0,AI_Synthetic,True
2025-10-30,20.7,15.8,6.9,Chè Ô Long,261000.0,AI_Synthetic,True
2025-10-31,21.9,14.5,11.2,Chè Ô Long,262000.0,AI_Synthetic,True
2025-11-01,22.4,14.9,32.1,Chè Ô Long,243000.0,AI_Synthetic,True
2025-11-02,21.4,15.0,14.3,Chè Ô Long,247000.0,AI_Synthetic,True
2025-11-03,21.8,15.8,6.4,Chè Ô Long,252000.0,AI_Synthetic,True
2025-11-04,20.7,16.2,6.0,Chè Ô Long,250000.0,AI_Synthetic,True
2025-11-05,21.7,16.4,16.9,Chè Ô Long,256000.0,AI_Synthetic,True
2025-11-06,17.0,15.1,67.5,Chè Ô Long,230000.0,AI_Synthetic,True
2025-11-07,22.1,16.1,5.8,Chè Ô Long,247000.0,AI_Synthetic,True
2025-11-08,23.3,14.6,1.2,Chè Ô Long,243000.0,AI_Synthetic,True
2025-11-09,23.4,14.6,2.5,Chè Ô Long,263000.0,AI_Synthetic,True
2025-11-10,24.2,14.8,3.4,Chè Ô Long,245000.0,AI_Synthetic,True
2025-11-11,23.9,16.0,3.1,Chè Ô Long,256000.0,AI_Synthetic,True
2025-11-12,22.0,15.0,1.8,Chè Ô Long,243000.0,AI_Synthetic,True
2025-11-13,23.5,14.7,0.8,Chè Ô Long,244000.0,AI_Synthetic,True
2025-11-14,21.9,12.2,0.0,Chè Ô Long,262000.0,AI_Synthetic,True
2025-11-15,22.0,12.8,1.1,Chè Ô Long,251000.0,AI_Synthetic,True
2025-11-16,17.5,16.2,34.1,Chè Ô Long,238000.0,AI_Synthetic,True
2025-11-17,20.4,15.9,13.1,Chè Ô Long,263000.0,AI_Synthetic,True
2025-11-18,19.5,15.9,11.0,Chè Ô Long,241000.0,AI_Synthetic,True
2025-11-19,18.6,15.6,64.2,Chè Ô Long,235000.0,AI_Synthetic,True
2025-11-20,18.2,15.2,29.3,Chè Ô Long,230000.0,AI_Synthetic,True
2025-11-21,19.1,15.7,11.9,Chè Ô Long,249000.0,AI_Synthetic,True
2025-11-22,19.1,15.5,7.3,Chè Ô Long,254000.0,AI_Synthetic,True
2025-11-23,21.0,16.2,1.5,Chè Ô Long,261000.0,AI_Synthetic,True
2025-11-24,21.9,16.3,0.0,Chè Ô Long,241000.0,AI_Synthetic,True
2025-11-25,20.6,14.2,0.0,Chè Ô Long,257000.0,AI_Synthetic,True
2025-11-26,22.1,13.6,0.0,Chè Ô Long,247000.0,AI_Synthetic,True
2025-11-27,19.8,12.9,0.0,Chè Ô Long,247000.0,AI_Synthetic,True
2025-11-28,20.4,13.1,0.6,Chè Ô Long,249000.0,AI_Synthetic,True
2025-11-29,22.2,14.0,7.0,Chè Ô Long,256000.0,AI_Synthetic,True
2025-11-30,21.1,14.4,9.5,Chè Ô Long,264000.0,AI_Synthetic,True
2025-12-01,22.1,15.4,10.6,Chè Ô Long,255000.0,AI_Synthetic,True
2025-12-02,21.6,15.3,26.4,Chè Ô Long,248000.0,AI_Synthetic,True
2025-12-03,20.7,14.2,17.1,Chè Ô Long,256000.0,AI_Synthetic,True
2025-12-04,20.7,14.9,10.9,Chè Ô Long,260000.0,AI_Synthetic,True
2025-12-05,21.2,14.0,0.0,Chè Ô Long,259000.0,AI_Synthetic,True
2025-12-06,20.4,12.3,0.0,Chè Ô Long,248000.0,AI_Synthetic,True
2025-12-07,21.9,11.4,0.0,Chè Ô Long,245000.0,AI_Synthetic,True
2025-12-08,19.8,13.2,0.0,Chè Ô Long,240000.0,AI_Synthetic,True
2025-12-09,19.6,13.7,1.1,Chè Ô Long,264000.0,AI_Synthetic,True
2025-12-10,19.1,15.6,9.1,Chè Ô Long,251000.0,AI_Synthetic,True
2025-12-11,21.3,14.9,0.0,Chè Ô Long,243000.0,AI_Synthetic,True
2025-12-12,21.1,14.3,0.2,Chè Ô Long,257000.0,AI_Synthetic,True
2025-12-13,21.5,14.2,0.0,Chè Ô Long,262000.0,AI_Synthetic,True
2025-12-14,20.5,14.1,0.0,Chè Ô Long,247000.0,AI_Synthetic,True
2025-12-15,20.7,14.5,0.0,Chè Ô Long,254000.0,AI_Synthetic,True
2025-12-16,21.9,13.9,0.0,Chè Ô Long,254000.0,AI_Synthetic,True
2025-12-17,21.5,14.6,0.5,Chè Ô Long,259000.0,AI_Synthetic,True
2025-12-18,20.9,13.9,0.0,Chè Ô Long,264000.0,AI_Synthetic,True
2025-12-19,22.4,14.7,1.0,Chè Ô Long,265000.0,AI_Synthetic,True
2025-12-20,22.6,14.4,1.3,Chè Ô Long,248000.0,AI_Synthetic,True
2025-12-21,21.4,15.3,0.3,Chè Ô Long,255000.0,AI_Synthetic,True
2025-12-22,21.6,15.3,0.0,Chè Ô Long,242000.0,AI_Synthetic,True
2025-12-23,22.1,15.0,0.0,Chè Ô Long,246000.0,AI_Synthetic,True
2025-12-24,21.8,16.1,0.3,Chè Ô Long,252000.0,AI_Synthetic,True
2025-12-25,20.7,14.8,3.9,Chè Ô Long,254000.0,AI_Synthetic,True
2025-12-26,19.7,13.6,0.0,Chè Ô Long,255000.0,AI_Synthetic,True
2025-12-27,21.6,13.0,0.0,Chè Ô Long,263000.0,AI_Synthetic,True
2025-12-28,22.2,12.6,0.1,Chè Ô Long,264000.0,AI_Synthetic,True
2025-12-29,21.6,9.7,0.0,Chè Ô Long,297000.0,AI_Synthetic,True
2025-12-30,20.0,10.0,0.0,Chè Ô Long,249000.0,AI_Synthetic,True
2025-12-31,20.9,9.3,0.0,Chè Ô Long,269000.0,AI_Synthetic,True
2026-01-01,20.9,8.8,0.0,Chè Ô Long,275000.0,AI_Synthetic,True
2026-01-02,18.8,10.8,0.0,Chè Ô Long,255000.0,AI_Synthetic,True
2026-01-03,18.8,10.6,0.0,Chè Ô Long,255000.0,AI_Synthetic,True
2026-01-04,21.9,11.5,0.0,Chè Ô Long,256000.0,AI_Synthetic,True
2026-01-05,20.8,13.8,0.3,Chè Ô Long,248000.0,AI_Synthetic,True
2026-01-06,21.2,11.8,0.0,Chè Ô Long,244000.0,AI_Synthetic,True
2026-01-07,19.0,11.2,0.0,Chè Ô Long,256000.0,AI_Synthetic,True
2026-01-08,18.3,8.9,0.0,Chè Ô Long,277000.0,AI_Synthetic,True
2026-01-09,20.1,8.3,0.0,Chè Ô Long,282000.0,AI_Synthetic,True
2026-01-10,19.1,8.2,0.0,Chè Ô Long,288000.0,AI_Synthetic,True
2026-01-11,20.4,10.0,0.0,Chè Ô Long,261000.0,AI_Synthetic,True
2026-01-12,20.8,10.9,0.0,Chè Ô Long,242000.0,AI_Synthetic,True
2026-01-13,21.6,12.3,5.9,Chè Ô Long,243000.0,AI_Synthetic,True
2026-01-14,21.5,10.2,0.3,Chè Ô Long,260000.0,AI_Synthetic,True
2026-01-15,22.4,10.2,5.8,Chè Ô Long,253000.0,AI_Synthetic,True
2026-01-16,21.6,9.3,0.0,Chè Ô Long,292000.0,AI_Synthetic,True
2026-01-17,22.3,9.2,2.0,Chè Ô Long,288000.0,AI_Synthetic,True
2026-01-18,22.4,10.0,0.0,Chè Ô Long,264000.0,AI_Synthetic,True
2026-01-19,22.0,9.6,0.0,Chè Ô Long,282000.0,AI_Synthetic,True
2026-01-20,21.3,8.9,0.0,Chè Ô Long,279000.0,AI_Synthetic,True
2026-01-21,20.3,9.9,0.0,Chè Ô Long,281000.0,AI_Synthetic,True
2026-01-22,19.8,11.4,0.2,Chè Ô Long,258000.0,AI_Synthetic,True
2026-01-23,19.9,10.9,0.0,Chè Ô Long,260000.0,AI_Synthetic,True
2026-01-24,20.7,10.8,0.8,Chè Ô Long,240000.0,AI_Synthetic,True
2026-01-25,20.5,9.0,0.0,Chè Ô Long,286000.0,AI_Synthetic,True
2026-01-26,21.7,8.7,0.0,Chè Ô Long,275000.0,AI_Synthetic,True
2026-01-27,20.5,9.9,0.0,Chè Ô Long,293000.0,AI_Synthetic,True
2026-01-28,22.1,11.1,0.0,Chè Ô Long,245000.0,AI_Synthetic,True
2026-01-29,20.8,10.7,0.0,Chè Ô Long,241000.0,AI_Synthetic,True
2026-01-30,21.4,10.3,0.0,Chè Ô Long,261000.0,AI_Synthetic,True
2026-01-31,22.0,9.9,0.0,Chè Ô Long,284000.0,AI_Synthetic,True
2026-02-01,21.3,10.6,0.0,Chè Ô Long,247000.0,AI_Synthetic,True
2026-02-02,21.4,11.7,0.0,Chè Ô Long,257000.0,AI_Synthetic,True
2026-02-03,19.3,13.7,0.0,Chè Ô Long,255000.0,AI_Synthetic,True
2026-02-04,22.7,13.3,0.2,Chè Ô Long,248000.0,AI_Synthetic,True
2026-02-05,22.1,11.9,1.8,Chè Ô Long,263000.0,AI_Synthetic,True
2026-02-06,23.5,11.2,0.6,Chè Ô Long,244000.0,AI_Synthetic,True
2026-02-07,24.0,13.6,2.1,Chè Ô Long,261000.0,AI_Synthetic,True
2026-02-08,21.7,11.1,0.0,Chè Ô Long,261000.0,AI_Synthetic,True
2026-02-09,21.3,12.2,0.0,Chè Ô Long,262000.0,AI_Synthetic,True
2026-02-10,22.9,12.9,0.0,Chè Ô Long,263000.0,AI_Synthetic,True
2026-02-11,21.1,15.1,2.5,Chè Ô Long,244000.0,AI_Synthetic,True
2026-02-12,22.8,14.4,0.0,Chè Ô Long,248000.0,AI_Synthetic,True
2026-02-13,23.0,14.4,0.0,Chè Ô Long,256000.0,AI_Synthetic,True
2026-02-14,22.5,14.0,0.0,Chè Ô Long,253000.0,AI_Synthetic,True
2026-02-15,22.4,14.6,0.0,Chè Ô Long,247000.0,AI_Synthetic,True
2026-02-16,23.2,13.2,0.2,Chè Ô Long,259000.0,AI_Synthetic,True
2026-02-17,22.4,13.0,0.0,Chè Ô Long,256000.0,AI_Synthetic,True
2026-02-18,22.3,13.5,0.0,Chè Ô Long,242000.0,AI_Synthetic,True
2026-02-19,22.2,13.5,0.0,Chè Ô Long,259000.0,AI_Synthetic,True
2026-02-20,23.0,13.2,0.0,Chè Ô Long,255000.0,AI_Synthetic,True
2026-02-21,23.2,12.3,0.0,Chè Ô Long,250000.0,AI_Synthetic,True
2026-02-22,23.6,11.0,1.6,Chè Ô Long,241000.0,AI_Synthetic,True
2026-02-23,23.4,11.7,0.4,Chè Ô Long,242000.0,AI_Synthetic,True
2026-02-24,23.4,13.6,0.0,Chè Ô Long,245000.0,AI_Synthetic,True
2026-02-25,23.6,13.7,0.0,Chè Ô Long,258000.0,AI_Synthetic,True
2026-02-26,21.1,15.0,7.0,Chè Ô Long,256000.0,AI_Synthetic,True
2026-02-27,21.3,14.9,6.7,Chè Ô Long,258000.0,AI_Synthetic,True
2026-02-28,23.2,13.3,4.8,Chè Ô Long,256000.0,AI_Synthetic,True
2026-03-01,23.8,13.4,0.4,Chè Ô Long,260000.0,AI_Synthetic,True
2026-03-02,24.0,12.9,0.4,Chè Ô Long,253000.0,AI_Synthetic,True
2026-03-03,23.4,14.1,2.7,Chè Ô Long,252000.0,AI_Synthetic,True
2026-03-04,23.3,13.5,0.5,Chè Ô Long,247000.0,AI_Synthetic,True
2026-03-05,23.2,13.5,5.0,Chè Ô Long,251000.0,AI_Synthetic,True
2026-03-06,21.6,14.4,1.0,Chè Ô Long,247000.0,AI_Synthetic,True
2026-03-07,21.7,13.4,0.0,Chè Ô Long,247000.0,AI_Synthetic,True
2026-03-08,24.3,12.5,1.0,Chè Ô Long,247000.0,AI_Synthetic,True
2026-03-09,22.6,14.9,2.0,Chè Ô Long,255000.0,AI_Synthetic,True
2026-03-10,22.1,14.1,0.0,Chè Ô Long,264000.0,AI_Synthetic,True
2026-03-11,23.3,13.3,0.0,Chè Ô Long,260000.0,AI_Synthetic,True
2026-03-12,22.9,12.6,0.0,Chè Ô Long,247000.0,AI_Synthetic,True
2026-03-13,22.2,12.3,0.0,Chè Ô Long,260000.0,AI_Synthetic,True
2026-03-14,21.0,13.8,1.4,Chè Ô Long,260000.0,AI_Synthetic,True
2026-03-15,20.7,13.3,4.7,Chè Ô Long,244000.0,AI_Synthetic,True
2026-03-16,21.8,13.1,3.5,Chè Ô Long,263000.0,AI_Synthetic,True
2026-03-17,23.6,11.1,0.5,Chè Ô Long,260000.0,AI_Synthetic,True
2026-03-18,23.3,10.9,0.7,Chè Ô Long,241000.0,AI_Synthetic,True
2026-03-19,23.1,10.1,0.3,Chè Ô Long,248000.0,AI_Synthetic,True
2026-03-20,23.7,10.8,0.4,Chè Ô Long,253000.0,AI_Synthetic,True
2026-03-21,23.1,12.0,0.0,Chè Ô Long,253000.0,AI_Synthetic,True
2026-03-22,22.8,11.6,0.0,Chè Ô Long,248000.0,AI_Synthetic,True
2026-03-23,23.5,11.5,0.0,Chè Ô Long,257000.0,AI_Synthetic,True
2026-03-24,23.7,11.9,0.0,Chè Ô Long,242000.0,AI_Synthetic,True
2026-03-25,24.2,12.8,0.0,Chè Ô Long,262000.0,AI_Synthetic,True
2026-03-26,25.1,12.6,0.0,Chè Ô Long,240000.0,AI_Synthetic,True
2026-03-27,25.0,13.9,0.0,Chè Ô Long,242000.0,AI_Synthetic,True
2026-03-28,25.4,12.8,0.0,Chè Ô Long,258000.0,AI_Synthetic,True
2026-03-29,25.8,14.0,0.0,Chè Ô Long,265000.0,AI_Synthetic,True
2026-03-30,25.2,11.6,0.0,Chè Ô Long,262000.0,AI_Synthetic,True
2026-03-31,25.4,13.4,0.0,Chè Ô Long,250000.0,AI_Synthetic,True
2026-04-01,25.8,13.8,0.0,Chè Ô Long,246000.0,AI_Synthetic,True
2026-04-02,24.3,12.4,0.0,Chè Ô Long,248000.0,AI_Synthetic,True
2026-04-03,25.5,11.5,0.0,Chè Ô Long,254000.0,AI_Synthetic,True
2026-04-04,27.1,12.1,0.0,Chè Ô Long,258000.0,AI_Synthetic,True
2026-04-05,26.9,14.2,1.3,Chè Ô Long,262000.0,AI_Synthetic,True
2026-04-06,27.7,14.5,0.3,Chè Ô Long,245000.0,AI_Synthetic,True
2026-04-07,27.5,14.6,0.2,Chè Ô Long,246000.0,AI_Synthetic,True
2026-04-08,27.0,14.3,0.0,Chè Ô Long,245000.0,AI_Synthetic,True
2026-04-09,25.8,14.1,0.1,Chè Ô Long,254000.0,AI_Synthetic,True
2026-04-10,26.1,13.9,3.2,Chè Ô Long,248000.0,AI_Synthetic,True
2026-04-11,25.7,13.5,2.3,Chè Ô Long,247000.0,AI_Synthetic,True
2026-04-12,25.4,14.6,2.2,Chè Ô Long,261000.0,AI_Synthetic,True
2026-04-13,24.8,14.7,1.4,Chè Ô Long,261000.0,AI_Synthetic,True
2026-04-14,25.0,15.0,3.8,Chè Ô Long,245000.0,AI_Synthetic,True
2026-04-15,24.2,14.2,5.4,Chè Ô Long,252000.0,AI_Synthetic,True
2026-04-16,24.6,14.2,6.6,Chè Ô Long,255000.0,AI_Synthetic,True
2026-04-17,24.6,12.7,0.7,Chè Ô Long,245000.0,AI_Synthetic,True
2026-04-18,24.2,13.9,0.8,Chè Ô Long,263000.0,AI_Synthetic,True
2026-04-19,24.2,13.8,1.0,Chè Ô Long,260000.0,AI_Synthetic,True
2026-04-20,23.0,12.1,0.4,Chè Ô Long,244000.0,AI_Synthetic,True
2026-04-21,23.1,12.4,0.0,Chè Ô Long,259000.0,AI_Synthetic,True
2026-04-22,24.8,13.1,2.1,Chè Ô Long,245000.0,AI_Synthetic,True
2026-04-23,24.6,14.4,10.0,Chè Ô Long,258000.0,AI_Synthetic,True
2026-04-24,23.8,14.5,2.3,Chè Ô Long,261000.0,AI_Synthetic,True
2026-04-25,23.2,15.3,2.9,Chè Ô Long,249000.0,AI_Synthetic,True
2026-04-26,23.5,13.9,0.0,Chè Ô Long,251000.0,AI_Synthetic,True
2026-04-27,23.6,14.1,0.0,Chè Ô Long,252000.0,AI_Synthetic,True
